33;4;4
47;4;4
52;4;4
125;4;4
130;4;4
139;4;4
193;4;4
480;4;4
596;4;4
616;4;4
668;4;4
863;4;4
939;4;4
990;4;4
1075;4;4
1086;4;4
1112;4;4
1149;4;4
1286;4;4
1305;4;4
1417;4;4
1458;4;4
1465;4;4
1469;4;4
1525;4;4
1549;4;4
1678;4;4
1745;4;4
1771;4;4
1843;4;4
1981;4;4
1996;4;4
2120;4;4
2205;4;4
2240;4;4
2331;4;4
2391;4;4
2398;4;4
2430;4;4
2537;4;4
2543;4;4
2625;4;4
2691;4;4
2696;4;4
2730;4;4
2835;4;4
2911;4;4
2959;4;4
3034;4;4
3080;4;4
3101;4;4
3121;4;4
3202;4;4
3204;4;4
3301;4;4
3331;4;4
3345;4;4
3400;4;4
3447;4;4
3500;4;4
3644;4;4
3726;4;4
3727;4;4
3749;4;4
3878;4;4
4021;4;4
4062;4;4
4133;4;4
4335;4;4
4401;4;4
4881;4;4
5027;4;4
5113;4;4
5124;4;4
5415;4;4
5505;4;4
5601;4;4
5640;4;4
5644;4;4
5744;4;4
5781;4;4
5816;4;4
5856;4;4
5884;4;4
5903;4;4
6035;4;4
6115;4;4
6216;4;4
6264;4;4
6462;4;4
6505;4;4
6596;4;4
6619;4;4
6656;4;4
6702;4;4
6717;4;1
6751;4;4
6799;4;4
6921;4;4
6969;4;4
7065;4;4
7140;4;4
7424;4;4
7442;4;4
7500;4;4
7503;4;4
7593;4;4
7799;4;4
7827;4;4
8251;4;4
8254;4;4
8403;4;4
8475;4;4
8642;4;4
8644;4;4
8651;4;4
8701;4;4
8780;4;4
8814;4;4
8820;4;4
8931;4;4
9026;4;4
9148;4;4
9417;4;4
9439;4;4
9613;4;4
9720;4;4
9783;4;4
9813;4;4
9897;4;4
9907;4;4
10025;4;4
100318;4;4
10034;4;4
100422;4;4
100438;4;4
100587;4;4
100615;4;4
10070;4;4
100759;4;4
100828;4;4
100911;4;4
100942;4;4
100970;4;4
101020;4;4
101110;4;4
101146;4;4
101159;4;4
101163;4;4
101256;4;4
101272;4;4
101325;4;4
10133;4;4
101353;4;4
101419;4;4
101470;4;4
101524;4;4
101593;4;4
101678;4;4
101713;4;4
101816;4;4
101939;4;4
101962;4;4
102006;4;4
102093;4;4
102130;4;4
102164;4;4
102206;4;4
102227;4;4
102234;4;4
102337;4;4
102380;4;4
102459;4;4
10245;4;4
102467;4;4
102501;4;4
102553;4;4
102617;4;4
102770;4;4
102775;4;4
102820;4;4
102867;4;4
103195;4;4
103290;4;4
103302;4;4
103357;4;4
103523;4;4
103643;4;4
103664;4;4
103729;4;4
103750;4;4
103880;4;4
103951;4;4
104096;4;4
104131;4;4
104143;4;4
104198;4;4
104231;4;4
104387;4;4
10445;4;4
104469;4;4
104496;4;4
104516;4;4
104526;4;4
104557;4;4
104584;4;4
104786;4;4
104829;4;4
104939;4;4
104967;4;4
105049;4;4
105162;4;4
105286;4;4
105329;4;4
105356;4;4
105486;4;4
105546;4;4
105588;4;4
105621;4;4
105668;4;4
105733;4;4
105734;4;4
105828;4;4
105933;4;4
105946;4;4
106004;4;4
106045;4;4
106055;4;4
106159;4;4
106214;4;4
106346;4;4
106613;4;4
106618;4;4
106803;4;4
106816;4;4
106935;4;4
107013;4;4
107019;4;4
107046;4;4
107126;4;4
107174;4;4
107293;4;4
107472;4;4
107624;4;4
107684;4;4
107697;4;4
107698;4;4
10771;4;4
107729;4;4
107739;4;4
107748;4;4
108016;4;4
108051;4;4
108175;4;4
108179;4;4
108288;4;4
108298;4;4
10850;4;4
108536;4;4
108564;4;4
108579;4;4
108736;4;4
108926;4;4
108942;4;4
10896;4;4
108984;4;4
109255;4;4
109256;4;4
109273;4;4
10937;4;4
10949;4;4
109514;4;4
109515;4;4
10960;4;4
109669;4;4
10967;4;4
109821;4;4
109852;4;4
109951;4;4
109963;4;4
109978;4;4
110008;4;4
110020;4;4
110027;4;4
110033;4;4
110034;4;4
110102;4;4
110133;4;4
110235;4;4
110244;4;4
11029;4;4
110370;4;4
110413;4;4
110458;4;4
110469;4;4
110585;4;4
110634;4;4
110681;4;4
110687;4;4
110900;4;4
110910;4;4
110938;4;4
110959;4;4
11100;4;4
11104;4;4
111075;4;4
111124;4;4
111280;4;4
111286;4;4
111291;4;4
111359;4;4
111364;4;4
111383;4;4
111401;4;4
111432;4;4
11168;4;4
111698;4;4
111701;4;4
111704;4;4
111727;4;4
111752;4;4
111919;4;4
111921;4;4
11202;4;4
112032;4;4
112088;4;4
112118;4;4
112216;4;4
112324;4;4
112353;4;4
112372;4;4
112398;4;4
11241;4;4
112436;4;4
112530;4;4
112618;4;4
112753;4;4
112761;4;4
112792;4;4
112875;4;4
112951;4;4
112954;4;4
113027;4;4
113054;4;4
113190;4;4
11320;4;4
113213;4;4
113214;4;4
113335;4;4
113375;4;4
113448;4;4
113532;4;4
113557;4;4
113694;4;4
113720;4;4
113850;4;4
113976;4;4
114079;4;4
114158;4;4
114277;4;4
114294;4;4
114396;4;4
114426;4;4
114434;4;4
11444;4;4
114578;4;4
114587;4;4
114732;4;4
114820;4;4
114832;4;4
114833;4;4
114844;4;4
114893;4;4
114934;4;4
115082;4;4
115170;4;4
115256;4;4
115334;4;4
115413;4;4
115422;4;4
115504;4;4
115547;4;4
115560;4;4
115573;4;4
115733;4;4
115751;4;4
115774;4;4
115788;4;4
115848;4;4
115856;4;4
116169;4;4
116192;4;4
116195;4;4
116220;4;4
116284;4;4
116293;4;4
116393;4;4
116477;4;4
116534;4;4
116665;4;4
116695;4;4
116703;4;4
116788;4;4
116856;4;4
116896;4;4
116926;4;4
11693;4;4
116946;4;4
116965;4;4
117018;4;4
117064;4;4
117101;4;4
11712;4;4
117274;4;4
117365;4;4
117427;4;4
117533;4;4
117618;4;4
117621;4;4
117656;4;4
117717;4;4
117760;4;4
117814;4;4
117815;4;4
117903;4;4
117944;4;4
118047;4;4
11804;4;4
118059;4;4
118134;4;4
118227;4;4
118252;4;4
118281;4;4
118528;4;4
118540;4;4
118683;4;4
118688;4;4
118800;4;4
118825;4;4
118979;4;4
119026;4;4
119138;4;4
11913;4;4
119206;4;4
119311;4;4
119327;4;4
119410;4;4
119489;4;4
119644;4;4
119677;4;4
119802;4;4
119811;4;4
119893;4;4
12000;4;4
120039;4;4
120053;4;4
120204;4;4
120262;4;4
120297;4;4
120407;4;4
120414;4;4
120499;4;4
120519;4;4
120523;4;4
120639;4;4
120683;4;4
120754;4;4
120909;4;4
120910;4;4
120914;4;4
120932;4;4
120995;4;4
121074;4;4
121078;4;4
121104;4;4
121115;4;4
121164;4;4
121207;4;4
121394;4;4
121414;4;4
121419;4;4
121489;4;4
121502;4;4
12157;4;4
121671;4;4
121735;4;4
121793;4;4
121900;4;4
122006;4;4
122010;4;4
122121;4;4
122203;4;4
122225;4;4
122409;4;4
122412;4;4
122458;4;4
122468;4;4
122477;4;4
122502;4;4
122553;4;4
122573;4;4
12259;4;4
12285;4;4
122891;4;4
122950;4;4
122984;4;4
123008;4;4
123043;4;4
123045;4;4
123051;4;4
123134;4;4
123254;4;4
123260;4;4
123293;4;4
123365;4;4
123398;4;4
123456;4;4
123580;4;4
123654;4;4
123756;4;4
12379;4;4
123814;4;4
123912;4;4
123913;4;4
124000;4;4
124023;4;4
124027;4;4
124245;4;4
124261;4;4
124266;4;4
124345;4;4
124347;4;4
124394;4;4
124403;4;4
124637;4;4
124708;4;4
124766;4;4
124825;4;4
12484;4;4
124876;4;4
125089;4;4
125231;4;4
125269;4;4
125314;4;4
125317;4;4
125373;4;4
125461;4;4
125556;4;4
125614;4;4
125648;4;4
125728;4;4
125764;4;4
125785;4;4
12579;4;4
125818;4;4
125852;4;4
125879;4;4
126060;4;4
126065;4;4
126135;4;4
126138;4;4
126191;4;4
126344;4;4
126410;4;4
12648;4;4
126605;4;4
126740;4;4
126886;4;4
12688;4;4
12690;4;4
126931;4;4
127027;4;4
127031;4;4
12703;4;4
127164;4;4
127237;4;4
12724;4;4
127284;4;4
127419;4;4
127463;4;4
127525;4;4
127617;4;4
127660;4;4
12771;4;4
127811;4;4
127818;4;4
127856;4;4
127903;4;4
127924;4;4
127960;4;4
127980;4;4
127988;4;4
128009;4;4
12805;4;4
128126;4;4
128137;4;4
128247;4;4
128320;4;4
128427;4;4
12845;4;4
12846;4;4
128497;4;4
128520;4;4
128551;4;4
128573;4;4
12859;4;4
12867;4;4
128925;4;4
128957;4;4
128987;4;4
128990;4;4
129119;4;4
129151;4;4
129158;4;4
129181;4;4
129329;4;4
129537;4;4
129568;4;4
129601;4;4
129603;4;4
129733;4;4
129769;4;4
129772;4;4
129775;4;4
129824;4;4
129861;4;4
13001;4;4
130027;4;4
130165;4;4
130181;4;4
130256;4;4
130272;4;4
130547;4;4
130690;4;4
130698;4;4
130814;4;4
130945;4;4
13094;4;4
13100;4;4
131097;4;4
131117;4;4
131134;4;4
131237;4;4
131278;4;4
13133;4;4
131432;4;4
13143;4;4
131480;4;4
131516;4;4
131520;4;4
13163;4;4
131716;4;4
131821;4;4
131828;4;4
131901;4;4
131915;4;4
131975;4;4
132061;4;4
13211;4;4
132256;4;4
132727;4;4
13284;4;4
132950;4;4
132964;4;4
132986;4;4
133238;4;4
133287;4;4
133310;4;4
133375;4;4
133376;4;4
133424;4;4
133444;4;4
133547;4;4
133624;4;4
133633;4;4
133821;4;4
133841;4;4
133873;4;4
133874;4;4
133881;4;4
133966;4;4
134059;4;4
134121;4;4
134137;4;4
134151;4;4
134294;4;4
134317;4;4
134351;4;4
134359;4;4
134398;4;4
134409;4;4
134422;4;4
134440;4;4
134494;4;4
134498;4;4
13450;4;4
134529;4;4
134610;4;4
134657;4;4
134747;4;4
134788;4;4
134791;4;4
135007;4;4
135036;4;4
13503;4;4
135104;4;4
135172;4;4
135208;4;4
135365;4;4
135433;4;4
135443;4;4
135447;4;4
135494;4;4
135594;4;4
135604;4;4
135609;4;4
135626;4;4
135662;4;4
135724;4;4
135826;4;4
135846;4;4
135892;4;4
135899;4;4
135949;4;4
135999;4;4
136030;4;4
136155;4;4
136199;4;4
136237;4;4
136248;4;4
136250;4;4
136265;4;4
136321;4;4
13640;4;4
13641;4;4
136543;4;4
136594;4;4
136623;4;4
136779;4;4
136839;4;4
136946;4;4
137014;4;4
137047;4;4
137178;4;4
137220;4;4
137268;4;4
137334;4;4
137448;4;4
137501;4;4
137526;4;4
137604;4;4
137725;4;4
137902;4;4
137971;4;4
13797;4;4
138010;4;4
138012;4;4
138052;4;4
138073;4;4
138098;4;4
138199;4;4
138202;4;4
138245;4;4
138313;4;4
138340;4;4
138484;4;4
138505;4;4
138547;4;4
138766;4;4
138893;4;4
138948;4;4
139053;4;4
139134;4;4
139179;4;4
139343;4;4
139450;4;4
139500;4;4
139515;4;4
139892;4;4
139915;4;4
139916;4;4
139963;4;4
139965;4;4
140028;4;4
140044;4;4
140080;4;4
140085;4;4
140161;4;4
140173;4;4
140392;4;4
140408;4;4
140440;4;4
14048;4;4
140562;4;4
140600;4;4
140661;4;4
140700;4;4
140763;4;4
140811;4;4
140836;4;4
140884;4;4
140885;4;4
140938;4;4
140941;4;4
140962;4;4
140978;4;4
14101;4;4
141067;4;4
141068;4;4
141145;4;4
141242;4;0
141265;4;4
141318;4;4
141388;4;4
141397;4;4
141413;4;4
141491;4;4
141554;4;4
141588;4;4
141629;4;4
141637;4;4
141659;4;4
141699;4;4
141724;4;4
14172;4;4
141745;4;4
141811;4;4
141834;4;4
141870;4;4
141912;4;4
141914;4;4
141989;4;4
142013;4;4
142040;4;4
142066;4;4
142208;4;4
142299;4;4
142356;4;4
142427;4;4
142597;4;4
142643;4;4
142749;4;4
142763;4;4
142778;4;4
142796;4;4
142842;4;4
14290;4;4
142977;4;4
143053;4;4
143067;4;4
143088;4;4
143107;4;4
143152;4;4
143222;4;4
143355;4;4
143510;4;4
143546;4;4
143549;4;4
143733;4;4
143793;4;4
143939;4;4
14407;4;4
144100;4;4
14416;4;4
144325;4;4
144509;4;4
144517;4;4
144556;4;4
144580;4;4
14466;4;4
144778;4;4
144859;4;4
14485;4;4
144876;4;4
145029;4;4
145147;4;4
145170;4;4
145180;4;4
145238;4;4
145298;4;4
145366;4;4
145378;4;4
145393;4;4
145506;4;4
145526;4;4
145589;4;4
145607;4;4
14584;4;4
145975;4;4
146009;4;4
146029;4;4
146068;4;4
146072;4;4
146280;4;4
146323;4;4
146394;4;4
146425;4;4
146480;4;4
146593;4;4
146614;4;4
14665;4;4
146746;4;4
146769;4;4
146847;4;4
146989;4;4
147005;4;4
147006;4;4
147059;4;4
147062;4;4
147084;4;4
147149;4;4
147407;4;4
147417;4;4
147438;4;4
147491;4;4
147599;4;4
147633;4;4
147654;4;4
147819;4;4
147833;4;4
147911;4;4
148018;4;4
148078;4;4
148154;4;4
148230;4;4
148233;4;4
148283;4;4
148294;4;4
148468;4;4
148544;4;4
148547;4;4
148691;4;4
148701;4;4
148715;4;4
148724;4;4
148744;4;4
148772;4;4
148930;4;4
14902;4;4
149033;4;4
149093;4;4
149322;4;4
149323;4;4
149335;4;4
149386;4;4
149516;4;4
149589;4;4
149759;4;4
149825;4;4
149847;4;4
149925;4;4
150007;4;4
150102;4;4
150154;4;4
150255;4;4
150273;4;4
150296;4;4
150474;4;4
150481;4;4
150535;4;4
150581;4;4
150785;4;4
150830;4;4
151091;4;4
151102;4;4
151182;4;4
151213;4;4
151291;4;4
151357;4;4
151467;4;4
151469;4;4
151629;4;4
151666;4;4
151694;4;4
151725;4;4
151763;4;4
151866;4;4
151867;4;4
152030;4;4
152073;4;4
152125;4;4
152153;4;4
152246;4;4
152348;4;4
152444;4;4
152512;4;4
152516;4;4
152520;4;4
152528;4;4
15260;4;4
15267;4;4
152800;4;4
152841;4;4
152848;4;4
15298;4;4
153076;4;4
153082;4;4
153178;4;4
153268;4;4
153395;4;4
15342;4;4
153438;4;4
153644;4;4
153695;4;4
15369;4;4
15371;4;4
153745;4;4
153792;4;4
153811;4;4
153823;4;4
153851;4;4
153943;4;4
153965;4;4
153973;4;4
153991;4;4
154042;4;4
154064;4;4
154135;4;4
154196;4;4
15428;4;4
154325;4;4
154366;4;4
154515;4;4
154551;4;4
154690;4;4
15476;4;4
154818;4;4
154828;4;4
154833;4;4
154854;4;4
154916;4;4
154933;4;4
155090;4;4
155144;4;4
155220;4;4
155239;4;4
155337;4;4
155353;4;4
155435;4;4
155461;4;4
155473;4;4
155480;4;4
155512;4;4
155513;4;4
155533;4;4
155594;4;4
155595;4;4
155605;4;4
155717;4;4
155866;4;4
155947;4;4
155971;4;4
156071;4;4
156234;4;4
156240;4;4
156444;4;4
156479;4;4
15649;4;4
156501;4;4
156550;4;4
156623;4;4
156842;4;4
156845;4;4
156908;4;4
156978;4;4
156990;4;4
157197;4;4
15742;4;4
157546;4;4
157564;4;4
157620;4;4
157811;4;4
157941;4;4
157995;4;4
158106;4;4
158124;4;4
158221;4;4
158233;4;4
158302;4;4
158322;4;4
158376;4;4
158449;4;4
158487;4;4
158494;4;4
158610;4;4
158635;4;4
158703;4;4
158748;4;4
158772;4;4
158800;4;4
158865;4;4
158914;4;4
158950;4;4
159208;4;4
159274;4;4
159463;4;4
159492;4;4
159503;4;4
159571;4;4
159583;4;4
159618;4;4
159657;4;4
159680;4;4
159685;4;4
159713;4;4
159800;4;4
15980;4;4
159894;4;4
159967;4;4
159998;4;4
160001;4;4
160045;4;4
160049;4;4
160290;4;4
160304;4;4
160369;4;4
160522;4;4
160555;4;4
160633;4;4
160656;4;4
160756;4;4
160769;4;4
160954;4;4
161150;4;4
161204;4;4
161225;4;4
161270;4;4
161438;4;4
161454;4;4
161631;4;4
161650;4;4
161665;4;4
161817;4;4
161826;4;4
16184;4;4
161874;4;4
161936;4;4
162062;4;4
16207;4;4
162081;4;4
162172;4;4
16219;4;4
162219;4;4
162223;4;4
162236;4;4
162250;4;4
16233;4;4
162457;4;4
162492;4;4
162518;4;4
162569;4;4
162581;4;4
162633;4;4
162673;4;4
162682;4;4
162694;4;4
162745;4;4
162748;4;4
162846;4;4
162883;4;4
162922;4;4
163297;4;4
16336;4;4
163385;4;4
163455;4;4
163503;4;4
163535;4;4
163563;4;4
163601;4;4
163661;4;4
163798;4;4
163956;4;4
163972;4;4
164041;4;4
164051;4;4
16405;4;4
164097;4;4
164171;4;4
164192;4;4
164230;4;4
164231;4;4
164265;4;4
164270;4;4
164320;4;4
16432;4;4
164354;4;4
164366;4;4
16436;4;4
164441;4;4
16457;4;4
164635;4;4
164639;4;4
16464;4;4
164850;4;4
165014;4;4
165122;4;4
165181;4;4
165257;4;4
165265;4;4
165280;4;4
165338;4;4
165357;4;4
165372;4;4
165394;4;4
165415;4;4
165489;4;4
165529;4;4
165918;4;4
165952;4;4
166023;4;4
166051;4;4
16609;4;4
166162;4;4
166455;4;4
166539;4;4
166638;4;4
16676;4;4
166829;4;4
167002;4;4
167263;4;4
167268;4;4
167364;4;4
167377;4;4
167422;4;4
167445;4;4
167492;4;4
167570;4;4
167664;4;4
167711;4;4
167727;4;4
167747;4;4
167762;4;4
167764;4;4
167909;4;4
167916;4;4
168096;4;4
168122;4;4
16819;4;4
168239;4;4
168345;4;4
168450;4;4
168538;4;4
168607;4;4
168671;4;4
168715;4;4
168759;4;4
168862;4;4
168863;4;4
168928;4;4
168943;4;4
168970;4;4
169032;4;4
169052;4;4
169097;4;4
169149;4;4
169166;4;4
169231;4;4
169286;4;4
169318;4;4
169518;4;4
169616;4;4
169631;4;4
169654;4;4
169670;4;4
169740;4;4
169744;4;4
169851;4;4
170007;4;4
170008;4;4
170053;4;4
170145;4;4
170329;4;4
170445;4;4
170483;4;4
170691;4;4
17070;4;4
170903;4;4
17090;4;4
170956;4;4
171125;4;4
171179;4;4
17121;4;4
171243;4;4
171334;4;4
171346;4;4
171359;4;4
17135;4;4
171408;4;4
171437;4;4
171457;4;4
171547;4;4
171576;4;4
171578;4;4
171725;4;4
171742;4;4
171799;4;4
171807;4;4
171854;4;4
171992;4;4
172024;4;4
172035;4;4
172185;4;4
172200;4;4
172234;4;4
172242;4;4
172252;4;4
172276;4;4
172496;4;4
172582;4;4
172621;4;4
172627;4;4
172630;4;4
172650;4;4
172679;4;4
172684;4;4
17268;4;4
172804;4;4
172840;4;4
172885;4;4
172893;4;4
172921;4;4
172946;4;4
172997;4;4
173073;4;4
173132;4;4
173147;4;4
173170;4;4
173215;4;4
173273;4;4
173281;4;4
173317;4;4
173345;4;4
173476;4;4
173498;4;4
173521;4;4
17366;4;4
173673;4;4
17375;4;4
173800;4;4
173948;4;4
173976;4;4
174136;4;4
174192;4;4
174264;4;4
174482;4;4
174504;4;4
174539;4;4
174566;4;4
17469;4;4
174783;4;4
17485;4;4
174971;4;4
175123;4;4
175126;4;4
175274;4;4
175378;4;4
175444;4;4
175508;4;4
175585;4;4
175589;4;4
17573;4;4
175795;4;4
175866;4;4
175889;4;4
175943;4;4
176118;4;4
176153;4;4
176198;4;4
176268;4;4
176299;4;4
176320;4;4
176418;4;4
176535;4;4
176537;4;4
17660;4;4
176620;4;4
176652;4;4
176719;4;4
176726;4;4
176741;4;4
176813;4;4
176821;4;4
176823;4;4
176910;4;4
176924;4;4
176953;4;4
177069;4;4
177097;4;4
177106;4;4
17710;4;4
177233;4;4
177235;4;4
177398;4;4
177425;4;4
177426;4;4
177550;4;4
177685;4;4
177852;4;4
178009;4;4
178069;4;4
178072;4;4
178112;4;4
178225;4;4
178238;4;4
178241;4;4
178253;4;4
178268;4;4
178280;4;4
178330;4;4
178354;4;4
178439;4;4
17847;4;4
178482;4;4
17848;4;4
178500;4;4
178508;4;4
178611;4;4
178655;4;4
17874;4;4
178752;4;4
17898;4;4
178999;4;4
179069;4;4
179080;4;4
179175;4;4
179269;4;4
179332;4;4
179337;4;4
179399;4;4
179437;4;4
179515;4;4
179541;4;4
179673;4;4
17969;4;4
17985;4;4
179959;4;4
179985;4;4
179990;4;4
18002;4;4
180146;4;4
180181;4;4
180191;4;4
180282;4;4
180293;4;4
180456;4;4
180468;4;4
180540;4;4
180568;4;4
18063;4;4
180668;4;4
180805;4;4
18082;4;4
180833;4;4
180857;4;4
180858;4;4
180861;4;4
180912;4;4
180927;4;4
180975;4;4
180992;4;4
181018;4;4
181033;4;4
181051;4;4
181097;4;4
181105;4;4
181127;4;4
181360;4;4
181405;4;4
181412;4;4
181468;4;4
181515;4;4
181519;4;4
181619;4;4
181734;4;4
181831;4;4
18188;4;4
181922;4;4
182096;4;4
182134;4;4
182180;4;4
182272;4;4
182316;4;4
182494;4;4
182522;4;4
182590;4;4
182647;4;4
18270;4;4
182842;4;4
182898;4;4
183000;4;4
183023;4;4
183036;4;4
183075;4;4
183083;4;4
183099;4;4
183114;4;4
183118;4;4
183294;4;4
18330;4;4
183310;4;4
183312;4;4
18335;4;4
183390;4;4
183416;4;4
183576;4;4
183579;4;4
183694;4;4
183710;4;4
183760;4;4
183765;4;4
183809;4;4
183849;4;4
183920;4;4
183924;4;4
183996;4;4
18404;4;4
184103;4;4
184107;4;4
184339;4;4
184367;4;4
184419;4;4
184479;4;4
184487;4;4
184500;4;4
184515;4;4
184618;4;4
184621;4;4
184669;4;4
184671;4;4
184673;4;4
184677;4;4
18471;4;4
184768;4;4
184798;4;4
184829;4;4
184961;4;4
185060;4;4
185098;4;4
185129;4;4
185144;4;4
185168;4;4
185183;4;4
185200;4;4
185375;4;4
185634;4;4
185776;4;4
185795;4;4
185911;4;4
185946;4;4
185986;4;4
186224;4;4
186309;4;4
186391;4;4
186500;4;4
186563;4;4
186609;4;4
186616;4;4
186721;4;4
186742;4;4
186805;4;4
186837;4;4
18696;4;4
186998;4;4
187070;4;4
187255;4;4
187422;4;4
187566;4;4
187574;4;4
187771;4;4
187907;4;4
187928;4;4
188098;4;4
188177;4;4
188200;4;4
188209;4;4
188252;4;4
18834;4;4
188386;4;4
188517;4;4
188563;4;4
18857;4;4
188613;4;4
188683;4;4
188724;4;4
188725;4;4
188833;4;4
188834;4;4
188856;4;4
188999;4;4
189034;4;4
189042;4;4
189046;4;4
18910;4;4
189261;4;4
189322;4;4
189361;4;4
189431;4;4
189440;4;4
189442;4;4
189449;4;4
18944;4;4
189464;4;4
18946;4;4
189497;4;4
189523;4;4
189797;4;4
18985;4;4
189873;4;4
18989;4;4
189996;4;4
190027;4;4
190028;4;4
190073;4;4
19015;4;4
190161;4;4
190199;4;4
190231;4;4
190297;4;4
190365;4;4
190380;4;4
190474;4;4
190508;4;4
190544;4;4
190590;4;4
190624;4;4
190759;4;4
190794;4;4
190846;4;4
190925;4;4
191122;4;4
19114;4;4
191193;4;4
191202;4;4
191455;4;4
191483;4;4
191491;4;4
191508;4;4
191560;4;4
191686;4;4
191690;4;4
191694;4;4
191855;4;4
19186;4;4
191875;4;4
19191;4;4
191925;4;4
191969;4;4
191975;4;4
191984;4;4
191987;4;4
192041;4;4
192234;4;4
192249;4;4
19230;4;4
192355;4;4
192361;4;4
19251;4;4
192583;4;4
192671;4;4
192720;4;4
192890;4;4
193084;4;4
193141;4;4
19321;4;4
193220;4;4
193235;4;4
193265;4;4
193296;4;4
193316;4;4
19331;4;4
193340;4;4
19335;4;4
193434;4;4
193635;4;4
193642;4;4
193766;4;4
193812;4;4
193848;4;4
193862;4;4
193916;4;4
193917;4;4
193993;4;4
194002;4;4
194022;4;4
194117;4;4
194220;4;4
194232;4;4
194257;4;4
19428;4;4
194305;4;4
194351;4;4
194440;4;4
194448;4;4
194462;4;4
194512;4;4
194584;4;4
194601;4;4
194654;4;4
194702;4;4
19489;4;4
194922;4;4
195013;4;4
195530;4;4
195595;4;4
195637;4;4
195714;4;4
195791;4;4
195805;4;4
195905;4;4
196102;4;4
196122;4;4
196214;4;4
196278;4;4
196309;4;4
196336;4;4
196477;4;4
196514;4;4
196541;4;4
196560;4;4
196561;4;4
196585;4;4
196672;4;4
196860;4;4
19686;4;4
19687;4;4
196880;4;4
196939;4;4
196961;4;4
196962;4;4
197064;4;4
197222;4;4
197388;4;4
197409;4;4
197426;4;4
19746;4;4
19752;4;4
197556;4;4
197655;4;4
197901;4;4
198022;4;4
198113;4;4
198128;4;4
198149;4;4
198188;4;4
19828;4;4
198342;4;4
198391;4;4
198435;4;4
198451;4;4
198671;4;4
198868;4;4
198883;4;4
199116;4;4
199120;4;4
199139;4;4
199297;4;4
199298;4;4
199313;4;4
19943;4;4
199501;4;4
199565;4;4
199571;4;4
19957;4;4
199776;4;4
199906;4;4
199920;4;4
199985;4;4
200015;4;4
200083;4;4
200172;4;4
200193;4;4
200277;4;4
200433;4;4
200507;4;4
200649;4;4
200753;4;4
20095;4;4
200988;4;4
200990;4;4
201038;4;4
201045;4;4
201067;4;4
201109;4;4
201279;4;4
201351;4;4
201419;4;4
201827;4;4
201838;4;4
201886;4;4
201921;4;4
201984;4;4
202042;4;4
20204;4;4
202119;4;4
202165;4;4
202175;4;4
20220;4;4
202211;4;4
202325;4;4
202619;4;4
202814;4;4
20282;4;4
202839;4;4
202883;4;4
202887;4;4
203010;4;4
203015;4;4
203070;4;4
203178;4;4
203224;4;4
203240;4;4
20324;4;4
203254;4;4
203330;4;4
203462;4;4
203488;4;4
203551;4;4
203602;4;4
203604;4;4
203610;4;4
203627;4;4
203660;4;4
203678;4;4
203759;4;4
203813;4;4
203840;4;4
203895;4;4
203901;4;4
203965;4;4
203984;4;4
204055;4;4
20407;4;4
204109;4;4
204125;4;4
204155;4;4
204262;4;4
204286;4;4
204297;4;4
204303;4;4
204310;4;4
204342;4;4
204367;4;4
20440;4;4
204603;4;4
204618;4;4
204664;4;4
204714;4;4
204735;4;4
204746;4;4
204772;4;4
204773;4;4
205038;4;4
205097;4;4
205160;4;4
205195;4;4
205210;4;4
205270;4;4
205349;4;4
205373;4;4
205379;4;4
205441;4;4
205556;4;4
205608;4;4
205639;4;4
205719;4;4
20577;4;4
205805;4;4
205880;4;4
205911;4;4
205930;4;4
205933;4;4
206016;4;4
206048;4;4
206057;4;4
206083;4;4
206107;4;4
206114;4;4
206430;4;4
206444;4;4
206504;4;4
206574;4;4
206610;4;4
206625;4;4
206833;4;4
206970;4;4
206980;4;4
206983;4;4
207045;4;4
207116;4;4
207306;4;4
207380;4;4
207422;4;4
207456;4;4
207626;4;4
207726;4;4
207794;4;4
207797;4;4
207817;4;4
207832;4;4
207908;4;4
207995;4;4
208095;4;4
208111;4;4
208157;4;4
208310;4;4
208364;4;4
208376;4;4
208714;4;4
208715;4;4
208818;4;4
20882;4;4
209055;4;4
209058;4;4
209086;4;4
209344;4;4
209405;4;4
209492;4;4
209499;4;4
209535;4;4
209567;4;4
209744;4;4
209776;4;4
209933;4;4
210228;4;4
210234;4;4
210273;4;4
210339;4;4
210358;4;4
210385;4;4
210454;4;4
210456;4;4
210462;4;4
210501;4;4
210602;4;4
210606;4;4
210624;4;4
21064;4;4
210711;4;4
210802;4;4
210890;4;4
210912;4;4
211095;4;4
211109;4;4
211118;4;4
211126;4;4
211160;4;4
211234;4;4
211445;4;4
211455;4;4
211532;4;4
211539;4;4
211558;4;4
211601;4;4
211676;4;4
211677;4;4
211733;4;4
211771;4;4
211843;4;4
211854;4;4
211957;4;4
211964;4;4
212020;4;4
212072;4;4
212148;4;4
212213;4;4
212323;4;4
212377;4;4
212411;4;4
212444;4;4
212494;4;4
212525;4;4
212650;4;4
212664;4;4
212862;4;4
212982;4;4
212988;4;4
213014;4;4
213046;4;4
21306;4;4
213122;4;4
21317;4;4
213214;4;4
213331;4;4
213352;4;4
213366;4;4
213371;4;4
213449;4;4
213465;4;4
213613;4;4
213742;4;4
213799;4;4
213808;4;4
213809;4;4
213810;4;4
213827;4;4
213831;4;4
213932;4;4
214073;4;4
214112;4;4
214126;4;4
214360;4;4
214464;4;4
21455;4;4
21479;4;4
21527;4;4
21556;4;4
21642;4;4
21643;4;4
21699;4;4
21752;4;4
21756;4;4
21773;4;4
21882;4;4
21924;4;4
21926;4;4
21968;4;4
21992;4;4
22059;4;4
22168;4;4
22189;4;4
22216;4;4
22224;4;4
22362;4;4
22575;4;4
22649;4;4
22651;4;4
22668;4;4
22936;4;4
22993;4;4
23096;4;4
23429;4;4
23489;4;4
23526;4;4
23528;4;4
23635;4;4
23639;4;4
23668;4;4
23730;4;4
23773;4;4
23933;4;4
23934;4;4
23964;4;4
24157;4;4
24411;4;4
24456;4;4
24553;4;4
24557;4;4
24581;4;4
24614;4;4
24720;4;4
24820;4;4
24942;4;4
24957;4;4
25072;4;4
25258;4;4
25266;4;4
25307;4;4
25334;4;4
25364;4;4
25386;4;4
25397;4;4
25803;4;4
25909;4;4
26005;4;4
26019;4;4
26058;4;4
26144;4;4
26220;4;4
26335;4;4
26362;4;4
26416;4;4
26420;4;4
26470;4;4
26591;4;4
26598;4;4
26624;4;4
26745;4;4
26752;4;4
26807;4;4
26870;4;4
26940;4;4
26948;4;4
26987;4;4
26996;4;4
27026;4;4
27087;4;4
27176;4;4
27238;4;4
27344;4;4
27397;4;4
27575;4;4
27773;4;4
28064;4;4
28098;4;4
28167;4;4
28227;4;4
28295;4;4
28313;4;4
28330;4;4
28389;4;4
28487;4;4
28501;4;4
28654;4;4
28673;4;4
28689;4;4
28948;4;4
28954;4;4
29018;4;4
29130;4;4
29156;4;4
29259;4;4
29280;4;4
29281;4;4
29321;4;4
29341;4;4
29400;4;4
29411;4;4
29460;4;4
29500;4;4
29501;4;4
29565;4;4
29663;4;4
29674;4;4
29723;4;4
29851;4;4
29864;4;4
29906;4;4
30166;4;4
30221;4;4
30278;4;4
30282;4;4
30349;4;4
30412;4;4
30505;4;4
30513;4;4
30627;4;4
30646;4;4
30653;4;4
30776;4;4
30787;4;4
30793;4;4
30822;4;4
30853;4;4
30861;4;4
30968;4;4
31010;4;4
31027;4;4
31062;4;4
31064;4;4
31069;4;4
31101;4;4
31128;4;4
31214;4;4
31220;4;4
31224;4;4
31327;4;4
31376;4;4
31455;4;4
31534;4;4
31637;4;4
31689;4;4
31730;4;4
31741;4;4
31750;4;4
31779;4;4
31791;4;4
31891;4;4
31981;4;4
32036;4;4
32149;4;4
32257;4;4
32354;4;4
32498;4;4
32609;4;4
32615;4;4
32678;4;4
32710;4;4
32778;4;4
32835;4;4
32944;4;4
33155;4;4
33295;4;4
33297;4;4
33403;4;4
33432;4;4
33469;4;4
33529;4;4
33551;4;4
33570;4;4
33612;4;4
33674;4;4
33702;4;4
33706;4;4
33796;4;4
33799;4;4
33832;4;4
33847;4;4
33959;4;4
34056;4;4
34172;4;4
34204;4;4
34329;4;4
34438;4;4
34503;4;4
34564;4;4
34665;4;4
34707;4;4
34715;4;4
34880;4;4
34892;4;4
35193;4;4
35195;4;4
35294;4;4
35355;4;4
35454;4;4
35548;4;4
35565;4;4
35569;4;4
35810;4;4
35882;4;4
35890;4;4
35897;4;4
35924;4;4
35965;4;4
35983;4;4
35986;4;4
36058;4;4
36080;4;4
36119;4;4
36161;4;4
36261;4;4
36268;4;4
36353;4;4
36476;4;4
36599;4;4
36616;4;4
36641;4;4
36658;4;4
36684;4;4
36697;4;4
36705;4;4
36718;4;4
36739;4;4
36807;4;4
36812;4;4
36827;4;4
36839;4;4
37029;4;4
37097;4;4
37205;4;4
37300;4;4
37348;4;4
37357;4;4
37459;4;4
37560;4;4
37563;4;4
37876;4;4
37930;4;4
38009;4;4
38123;4;4
38260;4;4
38262;4;4
38281;4;4
38300;4;4
38330;4;4
38337;4;4
38438;4;4
38450;4;4
38551;4;4
38563;4;4
38614;4;4
38680;4;4
38713;4;4
38745;4;4
38911;4;4
38983;4;4
38996;4;4
39044;4;4
39108;4;4
39136;4;4
39228;4;4
39328;4;4
39330;4;4
39368;4;4
39384;4;4
39493;4;4
39603;4;4
39626;4;4
39637;4;4
39718;4;4
39727;4;4
39747;4;4
39811;4;4
39923;4;4
39955;4;4
39974;4;4
39975;4;4
40012;4;4
40060;4;4
40071;4;4
40129;4;4
40141;4;4
40169;4;4
40223;4;4
40294;4;4
40295;4;4
40376;4;4
40486;4;4
40566;4;4
40851;4;4
40874;4;4
40910;4;4
40959;4;4
40963;4;4
41048;4;4
41108;4;4
41182;4;4
41229;4;4
41304;4;4
41444;4;4
41559;4;4
41570;4;4
41600;4;4
41666;4;4
41765;4;4
41794;4;4
41923;4;4
41935;4;4
42054;4;4
42245;4;4
42341;4;4
42467;4;4
42469;4;4
42482;4;4
42525;4;4
42576;4;4
42642;4;4
42740;4;4
42753;4;4
42795;4;4
42805;4;4
42848;4;4
42982;4;4
43038;4;4
43092;4;4
43159;4;4
43246;4;4
43248;4;4
43290;4;4
43339;4;4
43373;4;4
43683;4;4
43766;4;4
43808;4;4
43835;4;4
43883;4;4
43976;4;4
44130;4;4
44146;4;4
44172;4;4
44238;4;4
44306;4;4
44366;4;4
44431;4;4
44436;4;4
44525;4;4
44616;4;4
44717;4;4
44754;4;4
44855;4;4
45282;4;4
45429;4;4
45460;4;4
45478;4;4
45546;4;4
45635;4;4
45670;4;4
45716;4;4
45746;4;4
45799;4;4
45860;4;4
45870;4;4
45900;4;4
46019;4;4
46117;4;4
46195;4;4
46268;4;4
46279;4;4
46309;4;4
46520;4;4
46587;4;4
46658;4;4
47020;4;4
47061;4;4
47085;4;4
47109;4;4
47155;4;4
47182;4;4
47493;4;4
47593;4;4
47655;4;4
47662;4;4
47701;4;4
47869;4;4
47916;4;4
47973;4;4
48001;4;4
48037;4;4
48379;4;4
48677;4;4
48685;4;4
48786;4;4
48796;4;4
48845;4;4
48957;4;4
49068;4;4
49220;4;4
49234;4;4
49255;4;4
49344;4;4
49488;4;4
49618;4;4
49748;4;4
49845;4;4
49977;4;4
50272;4;4
50305;4;4
50411;4;4
50436;4;4
50446;4;4
50538;4;4
50542;4;4
50625;4;4
50702;4;4
50751;4;4
50772;4;4
50869;4;4
50903;4;4
51013;4;4
51062;4;4
51075;4;4
51079;4;4
51114;4;4
51137;4;4
51201;4;4
51249;4;4
51405;4;4
51477;4;4
51488;4;4
51506;4;4
51509;4;4
51517;4;4
51730;4;4
51751;4;4
51950;4;4
52011;4;4
52233;4;4
52288;4;4
52319;4;4
52343;4;4
52364;4;4
52367;4;4
52415;4;4
52418;4;4
52466;4;4
52610;4;4
52754;4;4
52854;4;4
52950;4;4
52967;4;4
52976;4;4
52979;4;4
53094;4;4
53275;4;4
53376;4;4
53395;4;4
53440;4;4
53443;4;4
53603;4;4
53613;4;4
53664;4;4
53714;4;4
53792;4;4
53874;4;4
54058;4;4
54156;4;4
54212;4;4
54303;4;4
54408;4;4
54531;4;4
54617;4;4
54765;4;4
54801;4;4
54837;4;4
54905;4;4
55070;4;4
55150;4;4
55170;4;4
55443;4;4
55463;4;4
55501;4;4
55575;4;4
55788;4;4
55837;4;4
55882;4;4
55884;4;4
56044;4;4
56067;4;4
56075;4;4
56247;4;4
56276;4;4
56299;4;4
56324;4;4
56352;4;4
56365;4;4
56477;4;4
56480;4;4
56555;4;4
56591;4;4
56672;4;4
56784;4;4
56806;4;4
56860;4;4
56879;4;4
56917;4;4
56951;4;4
57210;4;4
57454;4;4
57551;4;4
57586;4;4
57680;4;4
57769;4;4
57793;4;4
57915;4;4
57972;4;4
57990;4;4
58022;4;4
58168;4;4
58211;4;4
58248;4;4
58304;4;4
58385;4;4
58394;4;4
58553;4;4
58671;4;4
58686;4;4
58723;4;4
58831;4;4
58848;4;4
58927;4;4
59022;4;4
59054;4;4
59251;4;4
59389;4;4
59418;4;4
59692;4;4
59789;4;4
59825;4;4
59908;4;4
59909;4;4
59994;4;4
60003;4;4
60009;4;4
60012;4;4
60174;4;4
60243;4;4
60349;4;4
60364;4;4
60365;4;4
60448;4;4
60596;4;4
60760;4;4
60767;4;4
60876;4;4
60891;4;4
61096;4;4
61130;4;4
61173;4;4
61205;4;4
61225;4;4
61268;4;4
61333;4;4
61391;4;4
61474;4;4
61488;4;4
61677;4;4
61738;4;4
61855;4;4
61870;4;4
61917;4;4
61959;4;4
61984;4;4
61989;4;4
62008;4;4
62095;4;4
62121;4;4
62128;4;4
62193;4;4
62256;4;4
62270;4;4
62453;4;4
62548;4;4
62654;4;4
62658;4;4
62665;4;4
62749;4;4
62814;4;4
62828;4;4
63014;4;4
63029;4;4
63065;4;4
63101;4;4
63192;4;4
63248;4;4
63312;4;4
63344;4;4
63350;4;4
63387;4;4
63461;4;4
63532;4;4
63589;4;4
63600;4;4
63709;4;4
63748;4;4
63933;4;4
64202;4;4
64257;4;4
64359;4;4
64560;4;4
64680;4;4
64733;4;4
64734;4;4
64807;4;4
64854;4;4
64898;4;4
64948;4;4
65015;4;4
65058;4;4
65073;4;4
65120;4;4
65190;4;4
65211;4;4
65244;4;4
65251;4;4
65270;4;4
65304;4;4
65457;4;4
65527;4;4
65578;4;4
65851;4;4
65933;4;4
66034;4;4
66077;4;4
66146;4;4
66747;4;4
66773;4;4
67024;4;4
67031;4;4
67163;4;4
67165;4;4
67265;4;4
67331;4;4
67355;4;4
67679;4;4
67803;4;4
67893;4;4
67904;4;4
68062;4;4
68170;4;4
68219;4;4
68239;4;4
68272;4;4
68290;4;4
68516;4;4
68550;4;4
68629;4;4
68687;4;4
68930;4;4
69046;4;4
69216;4;4
69227;4;4
69344;4;4
69397;4;4
69494;4;4
69594;4;4
69606;4;4
69631;4;4
69656;4;4
69778;4;4
69882;4;4
69888;4;4
69907;4;4
70125;4;4
70184;4;4
70282;4;4
70355;4;4
70470;4;4
70483;4;4
70517;4;4
70521;4;4
70535;4;4
70538;4;4
70615;4;4
70655;4;4
70679;4;4
70716;4;4
70732;4;4
70801;4;4
70811;4;4
70815;4;4
70852;4;4
70944;4;4
71102;4;4
71192;4;4
71262;4;4
71312;4;4
71389;4;4
71454;4;4
71549;4;4
71605;4;4
71624;4;4
71627;4;4
71762;4;4
71763;4;4
71775;4;4
71844;4;4
72122;4;4
72192;4;4
72251;4;4
72278;4;4
72364;4;4
72404;4;4
72412;4;4
72540;4;4
72675;4;4
72720;4;4
72877;4;4
72892;4;4
73039;4;4
73052;4;4
73232;4;4
73296;4;4
73304;4;4
73459;4;4
73661;4;4
73707;4;4
73717;4;4
73720;4;4
73726;4;4
73742;4;4
73771;4;4
73844;4;4
73872;4;4
73929;4;4
73953;4;4
73969;4;4
74111;4;4
74127;4;4
74175;4;4
74205;4;4
74254;4;4
74292;4;4
74324;4;4
74434;4;4
74523;4;4
74563;4;4
74591;4;4
74695;4;4
74778;4;4
74824;4;4
74898;4;4
74950;4;4
74954;4;4
74979;4;4
75035;4;4
75203;4;4
75305;4;4
75387;4;4
75430;4;4
75451;4;4
75586;4;4
75793;4;4
75825;4;4
75836;4;4
75922;4;4
76032;4;4
76096;4;4
76236;4;4
76244;4;4
76302;4;4
76476;4;4
76497;4;4
76587;4;4
76737;4;4
76760;4;4
76808;4;4
76876;4;4
76914;4;4
76921;4;4
76928;4;4
77015;4;4
77047;4;4
77077;4;4
77129;4;4
77160;4;4
77216;4;4
77259;4;4
77276;4;4
77433;4;4
77435;4;4
77459;4;4
77501;4;4
77562;4;4
77577;4;4
77616;4;4
77668;4;4
77724;4;4
77728;4;4
77836;4;4
77886;4;4
77924;4;4
77996;4;4
78060;4;4
78071;4;4
78076;4;4
78086;4;4
78202;4;4
78255;4;4
78265;4;4
78296;4;4
78323;4;4
78425;4;4
78566;4;4
78606;4;4
78684;4;4
78868;4;4
78912;4;4
78917;4;4
79152;4;4
79214;4;4
79236;4;4
79247;4;4
79260;4;4
79331;4;4
79355;4;4
79432;4;4
79546;4;4
79618;4;4
79624;4;4
79689;4;4
79764;4;4
79842;4;4
80071;4;4
80086;4;4
80158;4;4
80249;4;4
80255;4;4
80395;4;4
80459;4;4
80479;4;4
80483;4;4
80487;4;4
80494;4;4
80503;4;4
80504;4;4
80523;4;4
80526;4;4
80560;4;4
80706;4;4
80757;4;4
80780;4;4
80793;4;4
80959;4;4
81001;4;4
81124;4;4
81167;4;4
81262;4;4
81271;4;4
81303;4;4
81342;4;4
81485;4;4
81496;4;4
81537;4;4
81591;4;4
81707;4;4
82082;4;4
82103;4;4
82170;4;4
82316;4;4
82357;4;4
82471;4;4
82528;4;4
82640;4;4
82691;4;4
82697;4;4
82737;4;4
82794;4;4
82894;4;4
82944;4;4
82976;4;4
82979;4;4
83012;4;4
83083;4;4
83217;4;4
83221;4;4
83316;4;4
83411;4;4
83495;4;4
83600;4;4
83608;4;4
83755;4;4
83916;4;4
83928;4;4
83940;4;4
83951;4;4
83985;4;4
84004;4;4
84067;4;4
84104;4;4
84268;4;4
84341;4;4
84353;4;4
84414;4;4
84464;4;4
84522;4;4
84583;4;4
84647;4;4
84664;4;4
84763;4;4
84855;4;4
84870;4;4
84892;4;4
84976;4;4
85126;4;4
85130;4;4
85203;4;4
85376;4;4
85532;4;4
85592;4;4
85657;4;4
86019;4;4
86039;4;4
86098;4;4
86118;4;4
86245;4;4
86260;4;4
86297;4;4
86340;4;4
86391;4;4
86420;4;4
86425;4;4
86643;4;4
86704;4;4
86949;4;4
87022;4;4
87096;4;4
87170;4;4
87189;4;4
87204;4;4
87243;4;4
87260;4;4
87343;4;4
87439;4;4
87550;4;4
87661;4;4
87978;4;4
87980;4;4
87996;4;4
88033;4;4
88040;4;4
88141;4;4
88238;4;4
88292;4;4
88385;4;4
88440;4;4
88501;4;4
88538;4;4
88552;4;4
88560;4;4
88717;4;4
88737;4;4
88769;4;4
88779;4;4
88792;4;4
88825;4;4
88875;4;4
88916;4;4
88995;4;4
89025;4;4
89111;4;4
89126;4;4
89153;4;4
89321;4;4
89381;4;4
89431;4;4
89457;4;4
89485;4;4
89544;4;4
89637;4;4
89707;4;4
89772;4;4
89779;4;4
89859;4;4
89905;4;4
89979;4;4
90023;4;4
90201;4;4
90293;4;4
90390;4;4
90504;4;4
90673;4;4
90686;4;4
90732;4;4
90762;4;4
90963;4;4
91056;4;4
91217;4;4
91316;4;4
91344;4;4
91407;4;4
91455;4;4
91482;4;4
91547;4;4
91663;4;4
91668;4;4
91737;4;4
91771;4;4
91833;4;4
91974;4;4
92027;4;4
92051;4;4
92104;4;4
92185;4;4
92286;4;4
92308;4;4
92432;4;4
92502;4;4
92519;4;4
92533;4;4
92557;4;4
92639;4;4
92707;4;4
92809;4;4
92824;4;4
92851;4;4
92969;4;4
93034;4;4
93267;4;4
93444;4;4
93487;4;4
93529;4;4
93563;4;4
93626;4;4
93650;4;4
93741;4;4
93832;4;4
93844;4;4
93884;4;4
93898;4;4
93984;4;4
93990;4;4
94173;4;4
94324;4;4
94420;4;4
94422;4;4
94473;4;4
94512;4;4
94616;4;4
94641;4;4
94663;4;4
94672;4;4
94674;4;4
94965;4;4
94997;4;4
95260;4;4
95293;4;4
95308;4;4
95319;4;4
95450;4;4
95645;4;4
95691;4;4
95704;4;4
95833;4;4
95841;4;4
95911;4;4
95934;4;4
96006;4;4
96039;4;4
96255;4;4
96800;4;4
96806;4;4
96840;4;4
96853;4;4
96860;4;4
96870;4;4
96930;4;4
97275;4;4
97280;4;4
97303;4;4
97462;4;4
97465;4;4
97487;4;4
97502;4;4
97574;4;4
97620;4;4
97623;4;4
97731;4;4
97788;4;4
97828;4;4
97897;4;4
98162;4;4
98187;4;4
98221;4;4
98243;4;4
98407;4;4
98430;4;4
98447;4;4
98516;4;4
98593;4;4
98664;4;4
98709;4;4
98768;4;4
99248;4;4
99337;4;4
99434;4;4
99696;4;4
99757;4;4
99764;4;4
99829;4;4
99877;4;4
214;0;0
473;0;0
532;0;0
836;0;0
883;0;0
1271;0;0
1466;0;4
1544;0;0
1746;0;0
2128;0;0
2284;0;0
2839;0;0
3428;0;0
4210;0;0
4735;0;0
4764;0;0
4791;0;0
4923;0;0
4979;0;0
4981;0;0
5595;0;0
5885;0;0
6258;0;0
6421;0;0
6746;0;0
6833;0;0
7053;0;0
7289;0;0
7293;0;0
7430;0;0
7434;0;0
8121;0;0
8389;0;0
8491;0;0
8534;0;0
9363;0;0
9545;0;0
9877;0;0
9989;0;0
100035;0;0
100066;0;0
100088;0;0
100147;0;0
100255;0;0
100274;0;0
100435;0;0
100499;0;0
100542;0;0
100735;0;0
100755;0;0
101655;0;0
102041;0;4
102073;0;0
102163;0;0
102245;0;0
10225;0;2
102947;0;0
103586;0;0
103602;0;0
103716;0;0
10397;0;0
104091;0;0
104092;0;0
104524;0;0
104615;0;0
104734;0;4
105030;0;0
105033;0;0
10560;0;4
105977;0;0
106168;0;0
106201;0;0
106340;0;0
106404;0;0
106641;0;0
106898;0;0
106914;0;0
107375;0;0
107403;0;0
107552;0;0
10846;0;0
109059;0;0
109222;0;0
10955;0;0
109608;0;0
109641;0;0
109642;0;0
109668;0;0
109703;0;0
109721;0;0
109901;0;0
11062;0;0
110727;0;0
110793;0;0
111345;0;0
111444;0;0
111818;0;0
112304;0;0
112442;0;0
112443;0;0
112471;0;0
112693;0;0
112707;0;0
113071;0;0
113112;0;0
113509;0;0
113853;0;0
115014;0;0
115319;0;0
115572;0;0
115613;0;0
115646;0;0
115727;0;0
116070;0;0
116174;0;0
116196;0;0
116257;0;0
116461;0;0
116634;0;0
116678;0;0
116679;0;0
116735;0;0
11695;0;0
117123;0;0
117193;0;0
117580;0;0
117861;0;0
118341;0;0
118614;0;0
119499;0;0
119571;0;0
119601;0;0
119654;0;0
119672;0;0
119711;0;0
119745;0;0
120601;0;0
121096;0;0
121172;0;0
121707;0;0
121712;0;0
12182;0;0
121872;0;0
121949;0;0
121950;0;0
122129;0;0
122417;0;0
122690;0;0
122730;0;0
122762;0;4
122910;0;0
123022;0;0
12337;0;0
123478;0;0
123790;0;0
123791;0;0
12387;0;0
124666;0;4
124720;0;0
125730;0;0
125955;0;0
12632;0;0
12635;0;1
126608;0;0
127048;0;0
127703;0;0
127766;0;0
127831;0;0
127930;0;0
128006;0;0
128008;0;0
128093;0;0
128187;0;0
128291;0;0
128593;0;0
128723;0;0
12894;0;0
129041;0;0
129107;0;0
129171;0;0
129261;0;0
129388;0;0
129418;0;0
129462;0;0
129663;0;0
12966;0;0
12973;0;0
129753;0;0
129907;0;0
130311;0;0
130508;0;0
130544;0;0
131187;0;0
131418;0;0
131478;0;4
131577;0;0
131823;0;0
132213;0;4
133056;0;0
133240;0;0
133243;0;0
133658;0;0
133892;0;0
133906;0;0
134120;0;0
134295;0;0
134671;0;0
134820;0;0
134932;0;0
135122;0;0
135288;0;0
135611;0;0
135763;0;0
136134;0;0
13623;0;0
136798;0;0
13699;0;0
137052;0;0
137249;0;0
137512;0;0
137687;0;0
137987;0;0
138271;0;0
138779;0;0
138902;0;0
138904;0;0
13934;0;4
139941;0;0
139985;0;0
140144;0;0
140800;0;0
140926;0;0
141056;0;0
141078;0;0
141378;0;0
141379;0;0
141444;0;0
141580;0;0
141652;0;0
142099;0;0
142917;0;0
143663;0;0
14377;0;0
145429;0;0
145907;0;0
146366;0;0
14644;0;0
146622;0;0
147165;0;0
147247;0;0
147256;0;0
147322;0;0
147597;0;0
147858;0;0
147919;0;0
147993;0;0
148588;0;0
148883;0;0
149022;0;0
149145;0;0
149182;0;0
14944;0;0
149572;0;0
149580;0;0
150226;0;0
150718;0;0
150736;0;0
150750;0;0
150985;0;0
151316;0;0
151387;0;0
151783;0;0
151841;0;0
152206;0;0
152850;0;0
152865;0;0
152872;0;0
153539;0;0
153748;0;0
15401;0;0
154236;0;0
154336;0;0
154961;0;0
155201;0;0
155265;0;0
156091;0;0
156359;0;0
156593;0;0
156827;0;0
156952;0;0
157606;0;0
158031;0;0
15811;0;0
15832;0;0
15852;0;0
158879;0;0
159023;0;0
159397;0;0
159658;0;0
159709;0;4
159761;0;0
159763;0;0
160083;0;0
161132;0;0
161513;0;0
161632;0;0
161648;0;0
161663;0;0
161883;0;0
162471;0;0
162859;0;0
162934;0;0
163065;0;0
163541;0;0
164427;0;0
164459;0;0
164471;0;0
164492;0;0
164858;0;0
165425;0;0
16615;0;0
166174;0;0
166414;0;0
167676;0;0
167692;0;0
167713;0;0
168079;0;0
168347;0;0
168882;0;0
169266;0;0
169274;0;0
169335;0;0
16949;0;0
169507;0;0
16950;0;0
170234;0;0
170336;0;0
170512;0;0
170600;0;0
170659;0;0
170689;0;0
170833;0;0
171259;0;0
172135;0;0
172210;0;0
172413;0;0
172540;0;0
17267;0;0
173101;0;0
173246;0;0
17333;0;0
173646;0;0
173863;0;0
174518;0;0
174661;0;0
17482;0;0
174887;0;0
174922;0;4
175015;0;4
175020;0;0
175257;0;0
175440;0;0
175464;0;0
175601;0;0
175837;0;0
175872;0;0
176441;0;0
177131;0;0
177156;0;0
177238;0;0
17723;0;0
177289;0;0
177843;0;0
178974;0;0
179480;0;0
179533;0;0
179582;0;0
179614;0;0
179636;0;0
179658;0;0
179760;0;0
179809;0;0
17997;0;0
180729;0;0
180954;0;0
181013;0;0
181165;0;0
181904;0;0
181905;0;0
181907;0;0
182045;0;0
182652;0;0
183563;0;0
183667;0;0
183805;0;0
184007;0;0
184147;0;0
184421;0;0
184581;0;0
185449;0;4
185624;0;0
185850;0;0
185901;0;0
186264;0;0
186269;0;0
186285;0;0
186289;0;0
186480;0;0
186696;0;0
187166;0;0
187413;0;0
18754;0;0
187584;0;0
188094;0;0
188251;0;0
188352;0;0
188887;0;0
188977;0;0
189193;0;0
189664;0;0
189920;0;0
190200;0;0
190336;0;0
19064;0;0
190945;0;0
191097;0;0
191254;0;0
191259;0;0
191740;0;0
191772;0;0
191926;0;0
192099;0;0
192425;0;0
193146;0;0
193208;0;0
193334;0;0
193461;0;0
193833;0;0
19487;0;0
195160;0;0
195440;0;0
195491;0;0
195539;0;0
195674;0;0
196038;0;0
196266;0;0
196276;0;0
196776;0;0
196808;0;0
19715;0;0
197435;0;0
197442;0;0
197859;0;0
198296;0;0
198421;0;0
198588;0;0
198615;0;0
200013;0;0
200088;0;0
200255;0;0
200560;0;0
200711;0;0
200760;0;0
200770;0;0
200950;0;0
200952;0;0
201184;0;0
201251;0;0
201252;0;0
201719;0;0
201757;0;0
201928;0;0
202460;0;0
202566;0;0
202742;0;4
202844;0;0
203185;0;0
203196;0;0
203706;0;0
203743;0;0
203862;0;0
204561;0;0
204662;0;0
205089;0;0
205255;0;0
205588;0;0
206527;0;0
206652;0;0
206935;0;0
207775;0;0
207997;0;0
208000;0;0
208340;0;0
208673;0;0
208711;0;0
209205;0;0
209312;0;0
209370;0;0
210375;0;4
210853;0;0
21133;0;0
21163;0;0
212564;0;0
213012;0;0
213112;0;0
213202;0;0
213217;0;0
213306;0;0
213339;0;0
213343;0;0
213832;0;0
214105;0;0
214182;0;0
214418;0;0
214453;0;0
214544;0;0
214992;0;0
215018;0;0
215355;0;0
21536;0;0
215919;0;0
216010;0;0
216082;0;0
216085;0;0
216374;0;0
216487;0;0
216830;0;0
216884;0;0
217724;0;0
218094;0;0
218369;0;0
218783;0;4
218869;0;0
218880;0;0
219024;0;0
219078;0;0
219100;0;0
219424;0;0
219486;0;0
219725;0;0
21984;0;0
22021;0;0
22859;0;0
23181;0;0
23276;0;0
23371;0;0
23376;0;0
23902;0;0
24095;0;0
24806;0;0
24821;0;0
25338;0;0
25563;0;0
25694;0;0
26116;0;0
26204;0;0
26388;0;0
26583;0;0
26877;0;0
26906;0;0
27333;0;0
27502;0;0
27796;0;0
28159;0;0
28343;0;0
28757;0;0
29254;0;0
29368;0;0
29609;0;0
30141;0;0
30470;0;0
30765;0;0
31373;0;0
32450;0;4
33485;0;0
33754;0;0
34217;0;0
34307;0;0
34931;0;0
35011;0;0
35192;0;0
35469;0;4
36040;0;0
36314;0;0
37546;0;0
37745;0;0
37937;0;4
38384;0;0
38392;0;0
39157;0;0
39158;0;0
39347;0;0
39452;0;0
39465;0;0
39742;0;0
40067;0;0
40558;0;0
41065;0;0
41115;0;0
41772;0;0
42237;0;4
42251;0;0
42273;0;0
42746;0;0
43145;0;0
43341;0;0
43359;0;0
43440;0;0
43561;0;0
44363;0;0
46031;0;0
46201;0;0
46276;0;0
46302;0;0
46381;0;0
47027;0;0
47052;0;0
47090;0;0
47878;0;0
48608;0;0
48795;0;0
49353;0;0
49713;0;0
49716;0;0
50334;0;0
50789;0;0
51275;0;0
51919;0;0
52075;0;0
52277;0;0
52659;0;0
52708;0;0
53191;0;0
53750;0;4
54338;0;0
54418;0;0
54715;0;0
55910;0;0
56380;0;0
57238;0;0
57256;0;0
57345;0;0
57804;0;0
58006;0;0
58436;0;0
58495;0;0
58594;0;0
59018;0;0
59403;0;0
59440;0;0
59946;0;0
60205;0;0
60242;0;0
60290;0;0
60573;0;0
60627;0;0
60901;0;0
61148;0;0
61412;0;0
61817;0;0
61846;0;0
62237;0;0
62469;0;0
63022;0;0
63189;0;0
63305;0;0
63774;0;0
63900;0;0
63905;0;0
64008;0;0
64331;0;0
64416;0;0
64654;0;0
65286;0;0
65642;0;0
65683;0;0
65757;0;4
65809;0;0
66872;0;0
67347;0;0
67638;0;0
67767;0;0
67801;0;4
67973;0;0
68120;0;0
68128;0;0
68225;0;0
68278;0;0
68797;0;0
68893;0;0
69032;0;0
69786;0;0
70288;0;0
70345;0;0
70469;0;0
71334;0;0
71340;0;4
71427;0;0
71494;0;0
71574;0;0
72366;0;0
72440;0;0
72567;0;0
72956;0;0
72992;0;4
73505;0;0
73680;0;0
74104;0;0
74522;0;0
74587;0;2
74588;0;0
74618;0;0
74677;0;0
75338;0;0
75408;0;4
75632;0;0
75653;0;0
76625;0;0
76693;0;0
76840;0;0
76866;0;0
76929;0;0
77192;0;0
77194;0;0
77385;0;0
77779;0;0
78536;0;0
78575;0;0
78781;0;0
79038;0;0
79166;0;0
79388;0;0
79450;0;0
80152;0;0
80527;0;0
80946;0;0
81119;0;4
81660;0;0
82315;0;0
82333;0;0
82476;0;0
82761;0;0
83106;0;0
83278;0;0
83327;0;0
83576;0;0
83826;0;0
83857;0;0
84083;0;0
85531;0;0
85680;0;0
85713;0;0
85717;0;0
85720;0;0
85779;0;0
86192;0;0
86305;0;0
86394;0;0
86439;0;0
86583;0;0
86683;0;0
86935;0;0
86944;0;0
87697;0;0
87973;0;0
88468;0;0
88502;0;0
88509;0;0
88599;0;0
88731;0;0
88953;0;0
88955;0;0
88956;0;0
88969;0;0
89612;0;0
89895;0;0
90088;0;0
90463;0;0
90502;0;0
90586;0;0
90924;0;0
91080;0;0
91254;0;1
91579;0;0
91916;0;0
92349;0;0
92444;0;0
92529;0;0
92582;0;0
93315;0;0
93885;0;0
93956;0;0
94426;0;0
95143;0;0
95368;0;0
95767;0;0
96656;0;0
97028;0;0
97217;0;0
97388;0;0
97485;0;0
97818;0;0
98880;0;0
99289;0;0
99371;0;0
99570;0;0
589;1;1
790;1;1
1376;1;1
1448;1;1
1603;1;1
1788;1;1
2377;1;4
2585;1;1
2750;1;4
2909;1;1
3281;1;1
4599;1;1
5166;1;1
5170;1;1
5177;1;1
5467;1;1
5491;1;1
6229;1;1
6351;1;1
6568;1;1
7019;1;1
7833;1;1
7888;1;1
7975;1;1
8059;1;1
8106;1;1
9674;1;1
100979;1;1
101350;1;1
101362;1;1
101965;1;1
102124;1;1
102436;1;1
103237;1;1
103814;1;1
104191;1;1
104685;1;1
105800;1;1
106223;1;1
106743;1;1
107365;1;1
107987;1;1
108480;1;1
109392;1;1
110631;1;1
111006;1;1
11253;1;1
113962;1;1
114150;1;4
114711;1;1
115410;1;1
115977;1;1
116305;1;1
116746;1;1
11735;1;1
117373;1;4
118308;1;1
118877;1;1
11923;1;1
119751;1;1
120001;1;1
120907;1;1
121493;1;1
121594;1;1
123485;1;1
123552;1;1
123689;1;1
124575;1;1
124724;1;1
125227;1;1
125288;1;1
12716;1;1
127391;1;1
12773;1;1
12777;1;1
127837;1;1
127990;1;1
128686;1;1
12887;1;1
129379;1;1
131204;1;1
131444;1;1
131506;1;1
134202;1;1
135239;1;1
135787;1;1
136128;1;1
136255;1;1
136361;1;1
136557;1;1
137770;1;1
138054;1;1
138067;1;4
138462;1;1
139412;1;1
139713;1;1
139936;1;1
140102;1;1
140674;1;1
141786;1;1
142064;1;1
142097;1;1
14221;1;1
142344;1;1
142707;1;1
142848;1;1
143872;1;1
143876;1;1
145566;1;1
146371;1;1
147082;1;1
14742;1;1
147562;1;1
148710;1;1
149144;1;1
149526;1;1
150321;1;4
150331;1;1
150962;1;1
151693;1;1
152161;1;1
153021;1;1
155706;1;1
156714;1;1
156755;1;1
156928;1;1
157089;1;1
15776;1;1
158025;1;1
15810;1;4
158174;1;1
15892;1;1
160179;1;1
160814;1;1
160897;1;1
16094;1;1
161439;1;1
162251;1;4
162602;1;1
162736;1;1
163069;1;1
163083;1;1
16319;1;1
163283;1;1
164625;1;1
164763;1;1
166406;1;1
16663;1;4
16730;1;1
167610;1;4
167928;1;1
168571;1;1
168786;1;1
169824;1;1
169971;1;1
170519;1;4
170933;1;1
171212;1;1
17129;1;1
172329;1;1
172521;1;1
173206;1;4
174047;1;1
174572;1;1
174806;1;1
176071;1;1
176675;1;1
176908;1;1
177107;1;1
177705;1;1
177945;1;1
178273;1;1
178511;1;1
179962;1;1
180177;1;1
180787;1;1
181476;1;1
182086;1;1
182120;1;1
183725;1;4
184045;1;1
184405;1;1
184702;1;1
184863;1;1
184889;1;1
185069;1;1
185508;1;1
185740;1;1
186040;1;1
186271;1;1
186564;1;1
186930;1;2
187242;1;1
187266;1;1
187541;1;4
188091;1;1
188690;1;1
190187;1;1
190408;1;1
191107;1;1
191266;1;1
19219;1;1
19221;1;1
192479;1;1
193532;1;1
193780;1;1
194887;1;1
195313;1;1
195555;1;1
196359;1;1
197185;1;1
197190;1;1
197324;1;1
197692;1;1
19871;1;1
198843;1;1
199276;1;1
199361;1;1
199662;1;1
199741;1;1
199779;1;1
199849;1;1
200026;1;1
200566;1;1
200623;1;1
201296;1;1
203358;1;1
203381;1;1
20415;1;1
204544;1;1
204604;1;1
204694;1;1
206378;1;1
206868;1;1
207133;1;1
208126;1;4
20813;1;1
208603;1;1
208608;1;1
209276;1;4
209796;1;1
210367;1;4
210667;1;4
211473;1;1
212431;1;1
212839;1;1
213244;1;1
213350;1;4
213966;1;1
214139;1;1
215118;1;1
215295;1;1
216831;1;1
217470;1;1
218691;1;1
218760;1;1
219325;1;4
22574;1;1
22744;1;1
22770;1;1
23397;1;1
23887;1;1
24133;1;1
25167;1;1
26406;1;1
28451;1;1
29694;1;4
31722;1;1
31734;1;1
32026;1;1
32373;1;1
32487;1;1
33440;1;1
34662;1;1
34950;1;1
36933;1;1
37112;1;1
37199;1;1
37253;1;1
37645;1;1
38607;1;1
38840;1;1
39644;1;1
41226;1;1
41683;1;1
42724;1;1
43042;1;1
44567;1;1
46952;1;4
47445;1;1
48180;1;1
48216;1;1
48601;1;1
48658;1;4
48925;1;1
50008;1;1
52045;1;1
52208;1;1
52236;1;4
52467;1;1
52900;1;4
53520;1;1
53816;1;1
53940;1;1
54052;1;1
54339;1;1
55638;1;1
55682;1;1
55926;1;1
56737;1;1
57233;1;1
57950;1;1
58019;1;1
58125;1;1
58669;1;1
59738;1;1
59796;1;1
60053;1;1
60235;1;1
60360;1;1
61515;1;1
61581;1;1
61809;1;1
62146;1;1
62281;1;1
62884;1;1
63617;1;1
64536;1;1
64796;1;1
65426;1;1
66347;1;1
69738;1;1
69783;1;1
70219;1;1
71726;1;1
72963;1;1
73050;1;1
74435;1;1
74462;1;1
74465;1;1
75044;1;1
75264;1;1
75827;1;1
75841;1;1
76394;1;1
76984;1;1
77285;1;1
77372;1;1
78000;1;1
78477;1;1
78856;1;1
78992;1;1
79602;1;1
79984;1;1
80447;1;1
80888;1;1
80917;1;1
80965;1;1
81975;1;1
83096;1;1
83135;1;1
83353;1;4
83666;1;1
83685;1;1
83720;1;1
84498;1;1
85343;1;1
85379;1;1
85540;1;4
87196;1;1
87240;1;1
87825;1;1
89764;1;1
89948;1;1
91035;1;1
92263;1;1
92883;1;1
93053;1;1
93097;1;1
94184;1;1
94344;1;1
94730;1;1
97051;1;1
97314;1;1
98094;1;1
98242;1;1
98567;1;1
98604;1;1
99142;1;4
99928;1;1
1055;2;4
1088;2;2
1464;2;2
1493;2;2
2266;2;2
2716;2;2
3171;2;2
3724;2;2
4304;2;2
4749;2;2
5351;2;2
6078;2;2
6154;2;2
6863;2;2
7222;2;2
7311;2;2
7337;2;4
7878;2;2
8554;2;2
9081;2;2
9290;2;2
9374;2;2
9606;2;2
9718;2;2
100065;2;2
101145;2;2
101176;2;2
101454;2;2
10213;2;2
102813;2;2
102891;2;2
104170;2;2
104172;2;2
104650;2;4
105434;2;2
105613;2;2
106095;2;2
106202;2;2
106336;2;2
107273;2;4
107851;2;0
108111;2;4
10812;2;2
108505;2;1
109397;2;2
109660;2;2
110563;2;2
110740;2;2
111111;2;4
111478;2;2
112114;2;2
112311;2;2
112404;2;2
112498;2;2
112532;2;2
112965;2;2
113189;2;2
113381;2;2
113868;2;2
113985;2;2
114249;2;2
114537;2;2
114806;2;2
116200;2;2
116544;2;2
116566;2;2
116731;2;2
116865;2;2
116875;2;2
117023;2;2
117163;2;2
117511;2;4
117548;2;2
117806;2;2
11801;2;2
118033;2;2
118772;2;2
119383;2;2
119574;2;2
119784;2;4
120112;2;2
120350;2;2
120373;2;2
120384;2;2
120894;2;2
122843;2;2
122878;2;2
123275;2;4
123549;2;2
123601;2;2
123658;2;4
124157;2;2
124222;2;2
124319;2;2
124355;2;2
124903;2;2
124969;2;2
125074;2;2
125260;2;2
125795;2;2
126160;2;2
126270;2;4
126537;2;2
127058;2;2
127142;2;2
127277;2;4
127473;2;2
127507;2;2
128717;2;2
128880;2;2
128907;2;2
128974;2;2
129483;2;2
129493;2;2
129720;2;2
130089;2;2
130293;2;2
130656;2;2
131001;2;2
131027;2;2
131406;2;2
13159;2;2
132060;2;4
13220;2;2
133096;2;2
133619;2;2
134973;2;2
134974;2;2
135719;2;2
136730;2;2
136794;2;2
136812;2;4
136997;2;2
137005;2;2
137612;2;2
137882;2;2
138065;2;2
138520;2;2
139213;2;2
140810;2;2
141150;2;2
141774;2;2
14206;2;2
142812;2;2
142910;2;2
143039;2;2
143300;2;4
143548;2;2
143659;2;2
143745;2;2
143898;2;2
143934;2;2
144544;2;2
14494;2;4
145096;2;2
145544;2;4
145883;2;2
14588;2;2
145953;2;4
146004;2;2
146242;2;2
14658;2;2
146718;2;2
146987;2;2
147146;2;2
147172;2;2
147370;2;2
147569;2;2
148168;2;2
14843;2;2
148851;2;2
148867;2;2
149066;2;4
149252;2;2
149257;2;2
149654;2;2
149740;2;2
150259;2;4
150302;2;4
151686;2;2
153122;2;4
153227;2;2
153264;2;2
153691;2;4
153693;2;2
153931;2;2
154673;2;2
156335;2;4
157086;2;2
157239;2;2
157526;2;2
157956;2;2
15865;2;2
15911;2;2
159646;2;2
160557;2;2
162776;2;2
162961;2;2
163068;2;2
164198;2;2
164228;2;2
16466;2;2
165242;2;2
165279;2;2
16528;2;2
165473;2;2
166012;2;2
166424;2;4
166520;2;2
167310;2;2
167810;2;2
168204;2;2
168224;2;2
168230;2;2
168270;2;2
168624;2;2
168679;2;2
168772;2;2
169062;2;2
169242;2;2
169419;2;2
169706;2;2
170487;2;2
170628;2;2
171290;2;4
171352;2;2
172016;2;2
172166;2;2
173105;2;2
174408;2;2
174633;2;2
174709;2;2
174857;2;1
175894;2;2
176269;2;2
176333;2;2
176633;2;2
177150;2;4
177591;2;2
177681;2;2
177829;2;2
178540;2;2
17926;2;2
179513;2;2
179891;2;2
180278;2;4
180424;2;2
180425;2;2
180448;2;2
180513;2;2
180585;2;4
180946;2;2
181544;2;2
181684;2;4
181706;2;4
181824;2;2
182300;2;2
183348;2;2
183368;2;4
183602;2;2
183615;2;2
183863;2;2
184207;2;2
184593;2;2
184957;2;2
18511;2;2
185500;2;2
185525;2;2
185758;2;2
186046;2;2
186845;2;4
186922;2;2
187480;2;2
187706;2;2
187731;2;4
188119;2;2
188206;2;4
188369;2;2
188518;2;2
188810;2;2
189077;2;2
189217;2;2
189504;2;2
189929;2;2
189995;2;4
190008;2;2
190573;2;2
190974;2;4
191164;2;2
191208;2;2
191236;2;2
19150;2;2
191871;2;2
192699;2;2
193238;2;2
193423;2;2
193865;2;2
193967;2;2
19414;2;4
195064;2;2
195797;2;4
19599;2;2
196205;2;2
196476;2;2
196724;2;2
196835;2;2
196874;2;2
197187;2;2
19720;2;2
197439;2;2
197631;2;2
198965;2;2
199326;2;2
199590;2;2
199902;2;2
200068;2;2
200217;2;2
200847;2;2
201683;2;2
202952;2;2
203878;2;2
204021;2;2
204138;2;2
205093;2;2
205486;2;2
206951;2;2
207553;2;2
207569;2;2
207605;2;4
207664;2;2
208051;2;2
208245;2;2
209000;2;2
20909;2;4
209542;2;2
20962;2;2
209637;2;2
209970;2;4
210744;2;2
212019;2;2
212142;2;2
212307;2;2
212361;2;2
212788;2;2
212968;2;2
213373;2;2
213506;2;2
214038;2;2
214246;2;2
21431;2;2
21467;2;2
215579;2;2
216362;2;2
216388;2;2
216475;2;2
216500;2;4
216585;2;2
217089;2;4
218131;2;2
218195;2;2
218372;2;2
219014;2;2
219705;2;2
22183;2;2
22303;2;2
22724;2;2
23537;2;4
23697;2;2
23721;2;2
23777;2;2
23932;2;2
24490;2;2
24779;2;2
25129;2;4
25160;2;2
25863;2;4
26146;2;2
26221;2;2
26253;2;4
26314;2;2
26938;2;2
27849;2;4
28232;2;2
28776;2;2
28869;2;2
29333;2;2
29356;2;2
30235;2;2
30419;2;2
31063;2;2
31228;2;2
31699;2;2
31966;2;2
31977;2;2
32489;2;2
32607;2;2
32993;2;2
33814;2;4
33867;2;2
33943;2;2
33980;2;2
34065;2;4
34584;2;2
35204;2;2
35491;2;2
35656;2;2
35811;2;4
36283;2;2
36921;2;2
37090;2;2
38130;2;2
38335;2;2
39060;2;4
39385;2;2
39407;2;2
40342;2;4
41662;2;2
41741;2;2
42035;2;4
42522;2;2
43028;2;4
43224;2;2
43470;2;2
43643;2;2
44043;2;2
44665;2;2
44831;2;2
45388;2;4
45595;2;2
46120;2;2
46284;2;2
46331;2;2
46481;2;2
46835;2;2
46880;2;4
47219;2;2
47364;2;2
47595;2;2
47767;2;4
48464;2;2
49078;2;2
49487;2;2
49564;2;2
49931;2;2
50886;2;2
50968;2;2
51658;2;2
52742;2;2
53045;2;4
53239;2;2
53413;2;2
53513;2;0
53740;2;2
54037;2;2
54060;2;2
54200;2;2
54750;2;2
55086;2;2
56415;2;4
56478;2;2
57099;2;2
57137;2;2
58072;2;4
58213;2;2
58816;2;2
59113;2;2
59217;2;2
59310;2;2
60436;2;2
61306;2;2
61933;2;2
62124;2;2
62388;2;2
62391;2;4
63446;2;2
63758;2;2
64659;2;2
64925;2;4
65652;2;2
65946;2;2
65970;2;2
66653;2;2
66736;2;4
67039;2;2
67775;2;2
67776;2;2
68198;2;2
68754;2;2
68788;2;2
69488;2;2
70315;2;2
71858;2;4
72159;2;2
72346;2;2
72486;2;2
72809;2;2
73335;2;2
73860;2;2
74758;2;2
74854;2;2
75001;2;2
75220;2;2
75471;2;2
76223;2;2
76284;2;2
77120;2;2
77245;2;4
77345;2;2
77488;2;2
78401;2;4
78717;2;2
78882;2;2
78966;2;2
80218;2;2
80439;2;2
80498;2;2
81165;2;2
82144;2;2
82439;2;2
82653;2;2
83648;2;2
83649;2;2
83745;2;2
84249;2;2
84326;2;4
84363;2;2
84388;2;2
84967;2;2
85621;2;2
85882;2;2
85978;2;2
86228;2;2
86384;2;4
86508;2;2
86767;2;2
87171;2;2
88442;2;2
88612;2;2
89391;2;2
89904;2;2
90467;2;2
90744;2;2
91469;2;2
91813;2;0
92210;2;2
92371;2;2
92396;2;2
92807;2;2
93405;2;2
94219;2;2
94319;2;2
94671;2;2
95011;2;2
95689;2;4
95899;2;2
96549;2;2
98098;2;4
98691;2;2
99332;2;2
99540;2;4
99882;2;2
99976;2;2
170;3;3
213;3;3
215;3;4
623;3;3
626;3;3
825;3;3
909;3;4
1059;3;3
1229;3;3
1230;3;3
1770;3;3
1778;3;3
2500;3;3
2707;3;3
3104;3;4
3412;3;3
3413;3;3
3874;3;4
4090;3;3
4246;3;3
4780;3;4
4788;3;3
5048;3;3
5263;3;4
5335;3;0
5783;3;3
5869;3;3
5871;3;4
5924;3;3
6372;3;4
6376;3;3
7298;3;3
7540;3;3
7928;3;3
8260;3;3
8721;3;3
8800;3;3
9003;3;3
9303;3;3
9404;3;4
9910;3;3
9913;3;3
100121;3;3
100578;3;3
101032;3;3
101290;3;3
101292;3;3
101769;3;4
102772;3;3
102904;3;3
103303;3;4
103576;3;3
103599;3;3
103888;3;3
104099;3;3
10452;3;4
104548;3;3
105075;3;3
105185;3;3
105187;3;4
10536;3;3
105582;3;3
105674;3;3
105705;3;3
105751;3;3
106330;3;4
106719;3;3
106721;3;3
106922;3;3
107185;3;4
107186;3;3
107931;3;3
107964;3;3
107973;3;3
108417;3;3
109028;3;3
109328;3;3
109329;3;3
109752;3;4
109807;3;4
110075;3;3
110159;3;3
110534;3;4
110930;3;3
111118;3;3
111940;3;3
112017;3;4
112018;3;3
112173;3;4
112319;3;4
112400;3;3
112506;3;4
112738;3;3
112842;3;3
113227;3;3
113334;3;4
113613;3;3
113714;3;3
114001;3;3
114161;3;3
114363;3;3
114437;3;3
114544;3;3
114681;3;3
115030;3;4
115093;3;4
115094;3;3
115286;3;3
115386;3;3
115391;3;3
115771;3;3
116905;3;3
117138;3;3
117819;3;3
117820;3;3
117821;3;3
118011;3;4
118013;3;3
118149;3;4
118169;3;3
118191;3;4
118588;3;3
118592;3;4
118947;3;3
118956;3;3
119075;3;3
119202;3;4
11933;3;3
119500;3;3
119505;3;4
119508;3;3
120199;3;3
12063;3;3
120751;3;0
120752;3;4
120977;3;3
120982;3;3
121265;3;3
12135;3;3
121653;3;3
122418;3;4
123235;3;4
123237;3;3
124111;3;3
124365;3;4
124378;3;3
124379;3;3
124381;3;3
124411;3;3
12575;3;3
126146;3;4
126727;3;4
126728;3;3
127111;3;4
128274;3;3
128277;3;3
128631;3;4
128687;3;3
129484;3;3
129492;3;3
129497;3;3
129986;3;3
130167;3;3
130595;3;3
130632;3;3
130633;3;4
131114;3;3
131213;3;4
131244;3;3
131247;3;3
131459;3;3
131496;3;3
131499;3;3
131502;3;4
131777;3;3
132036;3;4
132243;3;3
132400;3;3
133086;3;3
133216;3;3
133290;3;3
133590;3;3
133629;3;3
133741;3;3
133907;3;3
133947;3;3
13397;3;4
134299;3;3
134752;3;3
134817;3;3
134955;3;3
135502;3;3
136257;3;3
136987;3;3
137236;3;4
137378;3;3
138163;3;3
138326;3;3
138946;3;3
139299;3;3
139554;3;3
139557;3;3
139560;3;3
140133;3;3
140483;3;3
140541;3;3
140543;3;3
140610;3;4
140650;3;3
140815;3;3
141255;3;3
141399;3;4
141601;3;3
141698;3;3
141730;3;3
141733;3;3
141980;3;3
142328;3;3
142777;3;4
142781;3;3
142980;3;3
143184;3;4
143449;3;3
143512;3;4
143925;3;4
144298;3;3
144349;3;4
144351;3;3
144352;3;3
144506;3;3
144986;3;3
145064;3;3
145076;3;3
145198;3;3
145766;3;3
145992;3;3
146044;3;3
146046;3;3
14614;3;3
146153;3;4
14615;3;4
146912;3;3
146977;3;3
147683;3;3
147684;3;4
147886;3;4
147902;3;3
147904;3;4
148149;3;3
148581;3;3
14863;3;3
148783;3;4
148896;3;3
149200;3;3
14926;3;3
149752;3;4
14981;3;3
150407;3;3
150439;3;3
150476;3;3
150477;3;3
150923;3;3
150936;3;3
15139;3;3
151560;3;3
151732;3;3
15174;3;3
151859;3;4
152117;3;4
152509;3;3
153397;3;3
153603;3;4
15417;3;4
154292;3;3
154652;3;4
154659;3;3
155334;3;3
156285;3;4
156287;3;3
156588;3;4
156964;3;3
157008;3;3
157948;3;3
15807;3;3
158163;3;3
158190;3;0
158219;3;4
158220;3;3
158276;3;3
158642;3;4
158706;3;3
158845;3;3
158969;3;4
159198;3;3
159204;3;4
159443;3;4
159563;3;3
159832;3;3
161528;3;3
161655;3;3
161984;3;3
162160;3;4
16227;3;3
162750;3;4
163203;3;3
163352;3;3
163467;3;3
16390;3;3
16394;3;3
16461;3;3
16462;3;3
164944;3;3
165228;3;4
165229;3;3
165745;3;3
165926;3;3
166250;3;3
166328;3;3
166567;3;4
166650;3;3
166653;3;3
167362;3;3
167744;3;3
168443;3;3
168668;3;3
168765;3;4
168856;3;3
169224;3;3
169225;3;3
169473;3;4
169661;3;3
169907;3;4
170060;3;3
170062;3;3
170431;3;4
170738;3;3
171418;3;4
171577;3;3
172115;3;3
172146;3;3
172459;3;3
172592;3;3
172721;3;3
172928;3;3
172929;3;3
172931;3;3
173139;3;4
173316;3;4
173429;3;3
173610;3;3
173832;3;3
173967;3;4
174092;3;3
174116;3;3
174855;3;4
17502;3;3
175040;3;4
17522;3;3
175699;3;4
175768;3;4
175771;3;4
175774;3;3
175890;3;3
176159;3;3
17622;3;3
176760;3;3
176761;3;3
177738;3;3
178316;3;3
178422;3;3
178423;3;3
178652;3;3
178836;3;3
17887;3;3
179253;3;4
179314;3;3
179971;3;3
180698;3;3
180832;3;3
181702;3;4
182061;3;4
182062;3;3
182261;3;3
182724;3;3
182728;3;3
182865;3;3
182913;3;3
182916;3;3
183802;3;3
183803;3;3
184090;3;2
184336;3;3
184349;3;3
184354;3;3
184491;3;3
184598;3;3
185433;3;4
186723;3;4
186794;3;4
186886;3;4
187441;3;3
18769;3;3
188016;3;3
188017;3;4
188152;3;3
188391;3;4
188392;3;3
188719;3;3
188721;3;3
188722;3;3
188987;3;3
189066;3;3
189690;3;4
190146;3;4
190188;3;4
190820;3;3
190837;3;3
190871;3;3
191223;3;3
191464;3;3
191510;3;3
191780;3;4
191918;3;3
192239;3;4
192391;3;3
192394;3;3
193003;3;3
193584;3;3
193752;3;3
193858;3;3
19403;3;3
19404;3;3
194761;3;3
195195;3;3
195196;3;3
195311;3;3
195312;3;3
195639;3;3
196035;3;3
196090;3;3
196171;3;3
196271;3;3
196272;3;4
196437;3;3
196438;3;3
196509;3;3
196510;3;3
19858;3;3
199401;3;3
199420;3;3
199624;3;3
199777;3;3
199877;3;4
199878;3;3
199881;3;4
200522;3;3
200751;3;3
20076;3;4
20077;3;3
20078;3;4
201234;3;3
201326;3;3
202368;3;3
203580;3;4
203768;3;4
203799;3;4
204217;3;4
20495;3;4
204978;3;4
204983;3;3
205821;3;3
206342;3;3
206794;3;3
207066;3;3
207172;3;3
207173;3;3
207434;3;3
207543;3;3
207544;3;3
207582;3;3
207584;3;3
207586;3;4
207854;3;4
208130;3;3
208375;3;4
208385;3;3
208790;3;3
208803;3;3
209226;3;4
209228;3;3
209544;3;3
210596;3;3
210965;3;3
211163;3;3
211262;3;3
211263;3;3
211296;3;3
211423;3;3
211803;3;3
212103;3;4
212420;3;3
212471;3;4
212472;3;3
212603;3;3
212606;3;3
212821;3;3
212870;3;4
21336;3;3
213655;3;0
213656;3;3
213816;3;3
213946;3;4
215180;3;4
215286;3;3
215592;3;4
215850;3;3
215959;3;3
21631;3;3
216826;3;3
217382;3;3
217548;3;3
217549;3;3
217993;3;3
218141;3;3
218401;3;3
218504;3;4
218563;3;3
218729;3;4
218731;3;3
219126;3;3
219609;3;3
219686;3;3
22807;3;3
22809;3;3
23119;3;3
23126;3;3
23204;3;3
23241;3;4
23477;3;4
23479;3;4
23978;3;4
24358;3;4
24519;3;3
24545;3;3
25355;3;3
26198;3;3
26288;3;3
27648;3;3
27879;3;3
27997;3;3
28238;3;3
28403;3;4
28409;3;3
28577;3;3
28628;3;3
28681;3;3
30376;3;4
30761;3;3
30979;3;3
31038;3;3
31045;3;3
31226;3;3
31290;3;3
31293;3;3
31410;3;3
31622;3;3
31633;3;3
32312;3;3
32637;3;4
32652;3;4
32862;3;3
33136;3;4
33339;3;3
34215;3;3
34314;3;3
34528;3;3
34529;3;3
34530;3;3
34534;3;3
34592;3;3
34967;3;3
35111;3;4
36104;3;3
36106;3;0
36248;3;3
36736;3;3
37330;3;3
37331;3;3
38218;3;3
38354;3;3
38749;3;4
38864;3;4
39113;3;3
39165;3;3
39173;3;3
39175;3;3
39181;3;3
39504;3;3
39506;3;4
39507;3;3
39902;3;3
39903;3;3
40063;3;3
40087;3;3
40449;3;3
40501;3;3
40793;3;3
40876;3;3
40877;3;3
41372;3;3
41448;3;3
41628;3;3
41754;3;3
41755;3;3
43003;3;3
43360;3;3
43476;3;3
43573;3;4
43792;3;3
43795;3;4
44141;3;3
44169;3;3
44221;3;3
44578;3;3
44733;3;3
44836;3;3
44905;3;3
45193;3;4
45488;3;3
45572;3;3
45574;3;3
45877;3;3
45888;3;3
46163;3;3
46596;3;3
47014;3;4
47015;3;3
47275;3;3
47476;3;3
47663;3;3
47708;3;4
47902;3;3
48278;3;3
48670;3;3
48831;3;3
49026;3;3
49352;3;3
49355;3;4
49738;3;3
50029;3;3
50151;3;3
50282;3;3
50284;3;3
50821;3;3
50865;3;4
51049;3;3
51065;3;3
51110;3;3
51112;3;4
51116;3;4
51255;3;3
51285;3;3
51312;3;3
51544;3;4
51686;3;3
52082;3;3
52267;3;4
52779;3;3
52930;3;0
52932;3;3
53019;3;3
53042;3;3
53203;3;4
53837;3;3
54158;3;3
54730;3;3
54936;3;3
54938;3;4
55091;3;3
55405;3;3
55552;3;3
55555;3;3
55814;3;3
56189;3;3
56582;3;3
56691;3;3
57100;3;3
57924;3;4
58026;3;3
58469;3;3
58948;3;3
60014;3;3
60016;3;3
60540;3;3
60772;3;4
61011;3;3
61689;3;4
61751;3;3
61813;3;4
62036;3;3
62037;3;3
62213;3;3
62384;3;3
62510;3;4
62637;3;4
62638;3;3
63445;3;4
63656;3;4
63976;3;3
64959;3;3
65266;3;3
66228;3;4
66311;3;3
66599;3;3
66744;3;3
67972;3;3
68109;3;3
68628;3;3
69578;3;4
70039;3;3
70524;3;3
70949;3;3
71191;3;3
71205;3;3
71206;3;3
71415;3;3
71859;3;3
71931;3;3
72878;3;3
72880;3;3
72964;3;4
72966;3;4
73577;3;3
74177;3;3
74282;3;3
74865;3;3
75573;3;4
75816;3;3
77151;3;3
77262;3;3
77471;3;3
78072;3;4
78160;3;3
78438;3;4
78623;3;4
78809;3;3
78865;3;3
78867;3;3
79218;3;3
79226;3;3
79453;3;4
79697;3;3
79997;3;3
80281;3;4
80282;3;3
80844;3;3
81257;3;3
81656;3;3
81787;3;4
81822;3;3
81972;3;3
81979;3;3
82094;3;3
82095;3;3
82166;3;3
82782;3;3
82866;3;4
83046;3;3
83151;3;4
83559;3;3
84713;3;4
84943;3;3
85369;3;4
85370;3;3
85418;3;3
85420;3;3
85988;3;3
86023;3;3
86358;3;3
87395;3;3
87453;3;4
88147;3;3
88421;3;4
88446;3;4
88485;3;3
88494;3;3
89093;3;3
89226;3;3
89328;3;3
89332;3;3
89335;3;3
89617;3;3
90019;3;3
90414;3;4
90462;3;3
91106;3;4
91418;3;3
91785;3;4
91990;3;3
92364;3;3
92511;3;3
92976;3;3
92979;3;3
93075;3;4
93153;3;4
93372;3;3
93398;3;3
93503;3;4
93652;3;4
93696;3;3
93839;3;3
93868;3;3
93875;3;3
93976;3;3
94050;3;3
94052;3;3
94390;3;3
94608;3;3
94764;3;4
94822;3;3
94893;3;3
94896;3;3
94929;3;4
95278;3;3
95719;3;4
95796;3;3
95797;3;3
95877;3;0
96163;3;3
96333;3;3
96334;3;3
96580;3;3
96735;3;3
96768;3;3
97294;3;4
97596;3;4
98651;3;3
98694;3;3
99977;3;3
99981;3;4
